,composition,reduced_formula,require_u_correction,mp_relax_kpts,mp_relax_grid_density,mp_relax_reciprocal_density,mp_relax_grid_density_aiida,mp_default_kpoint_grid_density,mp_static_kpts_sc,mp_static_grid_density_sc,mp_static_reciprocal_density_sc,mp_static_grid_density_aiida_sc,mp_default_kpoint_grid_density_sc_static,mp_relax_kpts_sc,mp_relax_grid_density_sc,mp_relax_reciprocal_density_sc,mp_relax_grid_density_aiida_sc,mp_default_kpoint_grid_density_sc_relax,potcar_ENMAX,potcar_1.3_ENMAX,KPOINTS-force_kpts,KPOINTS-force_grid_density_sc,KPOINTS-force_reciprocal_density_sc,KPOINTS-force_grid_density_aiida_sc,KPOINTS-nac_kpts,KPOINTS-nac_grid_density,KPOINTS-nac_reciprocal_density,KPOINTS-nac_grid_density_aiida,INCAR-relax_ENCUT,INCAR-relax_Magnetization,INCAR-nac_ENCUT,INCAR-nac_Magnetization,INCAR-force_ENCUT,INCAR-force_Magnetization,KPOINTS-relax_kpts,KPOINTS-relax_grid_density,KPOINTS-relax_reciprocal_density,KPOINTS-relax_grid_density_aiida
mp-618177,K8 Zn4 Cl16,K2ZnCl4,False,"[2, 1, 3]",180.0,21.0,0.42514544029793605,555.0,"[1, 2, 2]",475.0,55.0,0.2869345836993517,868.0,"[1, 1, 1]",115.0,13.0,0.43040187554902753,555.0,276.0,359.0,"[1, 2, 1]",244.0,28.0,0.3586682296241896,"[2, 2, 3]",347.0,40.0,0.3091966838530444,359.0,False,359.0,False,359.0,False,"[2, 2, 3]",347.0,40.0,0.3091966838530444
mp-8179,Li4 O8 Tl4,LiTlO2,False,"[5, 5, 2]",813.0,39.0,0.34383729799028606,1334.0,"[2, 2, 3]",1728.0,83.0,0.23791781247785013,2084.0,"[1, 1, 2]",296.0,14.0,0.44609589839596897,1334.0,499.0,648.0,"[1, 1, 2]",296.0,14.0,0.44609589839596897,"[4, 4, 2]",512.0,25.0,0.382041442211429,648.0,False,648.0,False,648.0,False,"[4, 4, 2]",512.0,25.0,0.382041442211429
mp-3193,O20 Na8 Si8,Na2Si2O5,False,"[3, 5, 2]",1080.0,57.0,0.2999266437620898,1205.0,"[1, 3, 2]",941.0,50.0,0.3195654278830595,1883.0,"[1, 2, 2]",602.0,32.0,0.3486168304178831,1205.0,400.0,520.0,"[1, 2, 2]",602.0,32.0,0.3486168304178831,,,,,520.0,False,,,520.0,False,"[3, 4, 2]",879.0,47.0,0.3144392232989651
mp-6391,O8 Na4 Si2 Zn2,Na2ZnSiO4,False,"[5, 4, 3]",971.0,49.0,0.30782124342020184,1259.0,"[2, 2, 1]",519.0,26.0,0.3929632894725981,1968.0,"[2, 2, 1]",519.0,26.0,0.3929632894725981,1259.0,400.0,520.0,"[2, 2, 1]",519.0,26.0,0.3929632894725981,"[5, 4, 3]",971.0,49.0,0.30782124342020184,520.0,False,520.0,False,520.0,False,"[5, 4, 3]",971.0,49.0,0.30782124342020184
mp-753360,Bi4 O4 F4,BiOF,False,"[3, 7, 3]",771.0,45.0,0.3209734423168787,1100.0,"[2, 2, 1]",616.0,36.0,0.33156785804757494,1719.0,"[1, 2, 1]",310.0,18.0,0.41445982255946867,1100.0,400.0,520.0,"[2, 2, 1]",616.0,36.0,0.33156785804757494,"[3, 6, 3]",653.0,38.0,0.33041383767913984,520.0,False,520.0,False,520.0,False,"[3, 5, 3]",549.0,32.0,0.34363039118630545
mp-556179,Pr12 Si8 S32 Cl4,Pr3Si2S8Cl,False,"[1, 3, 2]",351.0,32.0,0.3691695289088912,696.0,"[1, 1, 2]",234.0,21.0,0.3894603891695213,1088.0,"[1, 1, 2]",234.0,21.0,0.3894603891695213,696.0,262.0,341.0,"[1, 1, 2]",234.0,21.0,0.3894603891695213,,,,,341.0,False,,,341.0,False,"[1, 3, 2]",351.0,32.0,0.3691695289088912
mp-6265,O24 Sb4 Ba8 Tb4,Ba2TbSbO6,True,"[2, 2, 2]",320.0,19.0,0.37221896209717564,1056.0,"[3, 3, 3]",1080.0,65.0,0.24814597473145042,1650.0,"[2, 2, 2]",320.0,19.0,0.37221896209717564,1056.0,400.0,520.0,"[2, 2, 2]",320.0,19.0,0.37221896209717564,,,,,520.0,False,,,520.0,False,"[2, 2, 2]",320.0,19.0,0.37221896209717564
mp-8355,O8 Al2 Si2 K2,KAlSiO4,False,"[5, 5, 2]",734.0,43.0,0.35174292388749906,1087.0,"[2, 2, 1]",452.0,27.0,0.39082547098611004,1699.0,"[2, 2, 1]",452.0,27.0,0.39082547098611004,1087.0,400.0,520.0,"[2, 2, 1]",452.0,27.0,0.39082547098611004,"[4, 4, 2]",452.0,27.0,0.39082547098611004,520.0,False,520.0,False,520.0,False,"[4, 4, 2]",452.0,27.0,0.39082547098611004
mp-6065,O24 Ga4 Sr8 Sb4,Sr2GaSbO6,False,"[3, 3, 3]",1080.0,53.0,0.2657002878309627,1296.0,"[3, 3, 3]",1080.0,53.0,0.2657002878309627,2025.0,"[3, 3, 3]",1080.0,53.0,0.2657002878309627,1296.0,400.0,520.0,"[3, 3, 3]",1080.0,53.0,0.2657002878309627,,,,,520.0,False,,,520.0,False,"[3, 3, 3]",1080.0,53.0,0.2657002878309627
mp-540881,Ag4 I12 Cs8,Cs2AgI3,False,"[1, 5, 1]",131.0,23.0,0.5231569807775498,358.0,"[1, 1, 1]",168.0,30.0,0.3545010452220445,560.0,"[1, 1, 1]",168.0,30.0,0.3545010452220445,358.0,297.0,387.0,"[1, 1, 1]",168.0,30.0,0.3545010452220445,"[1, 4, 1]",99.0,18.0,0.5350469121588578,387.0,False,387.0,False,387.0,False,"[1, 4, 1]",99.0,18.0,0.5350469121588578
mp-17196,O28 Ti4 As8,TiAs2O7,False,"[5, 2, 2]",822.0,46.0,0.35518209505950815,1144.0,"[2, 2, 3]",989.0,55.0,0.2892541120059159,1788.0,"[2, 2, 2]",656.0,37.0,0.32541087600665536,1144.0,400.0,520.0,"[2, 2, 2]",656.0,37.0,0.32541087600665536,,,,,520.0,False,,,520.0,False,"[4, 2, 2]",656.0,37.0,0.369981349020321
mp-5487,O20 Si4 Sr12,Sr3SiO5,False,"[3, 3, 2]",648.0,38.0,0.3104285391150456,1102.0,"[2, 2, 2]",1176.0,68.0,0.24816438413372677,1722.0,"[1, 1, 2]",308.0,18.0,0.4136073068895445,1102.0,400.0,520.0,"[1, 1, 2]",308.0,18.0,0.4136073068895445,,,,,520.0,False,,,520.0,False,"[3, 3, 2]",648.0,38.0,0.3104285391150456
mp-15782,S6 K3 Pr3,KPrS2,False,"[6, 6, 1]",435.0,48.0,0.5568390535959957,574.0,"[2, 2, 1]",435.0,48.0,0.32087858199749825,897.0,"[2, 2, 1]",435.0,48.0,0.32087858199749825,574.0,258.0,336.0,"[2, 2, 1]",435.0,48.0,0.32087858199749825,"[6, 6, 1]",435.0,48.0,0.5568390535959957,336.0,False,336.0,False,336.0,False,"[5, 5, 1]",300.0,33.0,0.5846810062757954
mp-780246,Na8 Bi16 O28,Na2Bi4O7,False,"[2, 1, 4]",427.0,32.0,0.4367884846422439,859.0,"[2, 1, 2]",427.0,32.0,0.36419547831882615,1343.0,"[2, 1, 2]",427.0,32.0,0.36419547831882615,859.0,400.0,520.0,"[2, 1, 2]",427.0,32.0,0.36419547831882615,,,,,520.0,False,,,520.0,False,"[2, 1, 4]",427.0,32.0,0.4367884846422439
mp-849371,Cd4 Sn4 O12,CdSnO3,False,"[4, 3, 4]",962.0,47.0,0.28314290964971595,1301.0,"[2, 3, 2]",962.0,47.0,0.28523298977318323,2033.0,"[2, 3, 2]",962.0,47.0,0.28523298977318323,1301.0,400.0,520.0,"[2, 3, 2]",962.0,47.0,0.28523298977318323,"[4, 3, 4]",962.0,47.0,0.28314290964971595,520.0,False,520.0,False,520.0,False,"[4, 2, 4]",664.0,33.0,0.3397714915796591
mp-11695,S16 Rb8 Pd12,Rb2Pd3S4,False,"[4, 2, 1]",319.0,31.0,0.40559998664422847,664.0,"[2, 1, 2]",584.0,56.0,0.28481667672878747,1037.0,"[2, 1, 1]",319.0,31.0,0.3560208459109844,664.0,258.0,336.0,"[2, 1, 2]",584.0,56.0,0.28481667672878747,,,,,336.0,False,,,336.0,False,"[3, 2, 1]",229.0,22.0,0.4249142717225251
mp-23980,H2 O16 Se4 Cs6,Cs3H(SeO4)2,False,"[2, 4, 3]",677.0,53.0,0.29176178109280543,823.0,"[2, 2, 1]",466.0,36.0,0.3386517427841374,1287.0,"[2, 2, 1]",466.0,36.0,0.3386517427841374,823.0,400.0,520.0,"[2, 2, 1]",466.0,36.0,0.3386517427841374,"[2, 3, 3]",515.0,40.0,0.31420499502302124,520.0,False,520.0,False,520.0,False,"[2, 3, 2]",341.0,26.0,0.35909142288345275
mp-541732,Pb20 Al12 F76,Al3Pb5F19,False,"[1, 1, 3]",349.0,19.0,0.4500793826379236,1161.0,"[2, 2, 3]",1319.0,73.0,0.257188218650242,1814.0,"[1, 1, 3]",349.0,19.0,0.4500793826379236,1161.0,400.0,520.0,"[1, 1, 3]",349.0,19.0,0.4500793826379236,,,,,520.0,False,,,520.0,False,"[1, 1, 3]",349.0,19.0,0.4500793826379236
mp-567710,K4 Pr12 Te32,KPr3Te8,False,"[1, 1, 2]",99.0,13.0,0.46005621354482884,478.0,"[2, 2, 1]",407.0,54.0,0.2884945217865571,748.0,"[1, 1, 1]",99.0,13.0,0.43274178267983565,478.0,181.0,236.0,"[1, 2, 1]",210.0,28.0,0.3606181522331964,,,,,236.0,False,,,236.0,False,"[1, 2, 2]",210.0,28.0,0.36804497083586313
mp-886,O12 Ga8,Ga2O3,False,"[2, 8, 4]",1281.0,55.0,0.3596696748605272,1501.0,"[2, 3, 2]",1450.0,62.0,0.26218502467294597,2345.0,"[2, 2, 2]",983.0,42.0,0.2949581527570642,1501.0,400.0,520.0,"[2, 2, 2]",983.0,42.0,0.2949581527570642,"[2, 7, 4]",1126.0,48.0,0.3670098723066604,520.0,False,520.0,False,520.0,False,"[2, 6, 4]",983.0,42.0,0.376796802234838
mp-541040,Y4 Ge2 Be4 O14,Y2Be2GeO7,False,"[3, 3, 5]",1082.0,47.0,0.29092347390518025,1468.0,"[3, 3, 3]",1326.0,58.0,0.26251902745721495,2294.0,"[3, 3, 2]",870.0,38.0,0.30627219870008404,1468.0,400.0,520.0,"[3, 3, 2]",870.0,38.0,0.30627219870008404,"[3, 3, 4]",870.0,38.0,0.30770752047663297,520.0,False,520.0,False,520.0,False,"[3, 3, 4]",870.0,38.0,0.30770752047663297
mp-752484,Yb2 B8 O14,YbB4O7,True,"[2, 5, 6]",1453.0,46.0,0.3435216410496405,2030.0,"[2, 3, 2]",1750.0,55.0,0.2714416753887827,3172.0,"[2, 2, 2]",1191.0,38.0,0.30537188481238053,2030.0,400.0,520.0,"[2, 2, 2]",1191.0,38.0,0.30537188481238053,"[2, 5, 5]",1201.0,38.0,0.35673401185924203,520.0,False,520.0,False,520.0,False,"[2, 5, 5]",1201.0,38.0,0.35673401185924203
mp-10429,O12 Y4 La4,LaYO3,False,"[4, 2, 4]",664.0,40.0,0.3175711158541923,1062.0,"[2, 3, 2]",962.0,58.0,0.2666828764261307,1660.0,"[2, 2, 2]",664.0,40.0,0.30001823597939703,1062.0,400.0,520.0,"[2, 2, 2]",664.0,40.0,0.30001823597939703,"[3, 2, 3]",360.0,22.0,0.3704996351632243,520.0,False,520.0,False,520.0,False,"[3, 2, 3]",360.0,22.0,0.3704996351632243
mp-28995,Si4 P32 Cu16,Cu4SiP8,False,"[2, 2, 4]",833.0,53.0,0.29856367526616245,1001.0,"[2, 2, 2]",833.0,53.0,0.2660480319092748,1564.0,"[2, 2, 2]",833.0,53.0,0.2660480319092748,1001.0,368.0,479.0,"[2, 2, 2]",833.0,53.0,0.2660480319092748,,,,,479.0,False,,,479.0,False,"[2, 2, 3]",648.0,41.0,0.31846792028390664
mp-985782,H8 C4,H2C,False,"[3, 9, 5]",1627.0,49.0,0.33153376276459984,2135.0,"[2, 3, 2]",1793.0,54.0,0.28200743752742624,3337.0,"[1, 3, 2]",913.0,27.0,0.38776022660021114,2135.0,400.0,520.0,"[1, 3, 2]",913.0,27.0,0.38776022660021114,"[3, 8, 4]",1155.0,35.0,0.36440133407315933,520.0,False,520.0,False,520.0,False,"[3, 8, 4]",1155.0,35.0,0.36440133407315933
mp-654956,Ca4 Al4 H20,CaAlH5,False,"[5, 5, 2]",1409.0,49.0,0.332061540287162,1832.0,"[3, 3, 2]",2038.0,71.0,0.24935922250220294,2862.0,"[2, 2, 2]",925.0,32.0,0.32060471464568946,1832.0,250.0,325.0,"[2, 2, 2]",925.0,32.0,0.32060471464568946,"[5, 4, 2]",1132.0,40.0,0.3505094036364488,325.0,False,325.0,False,325.0,False,"[4, 4, 2]",925.0,32.0,0.36895726698573555
mp-7808,P12 Ba4,BaP3,False,"[2, 3, 5]",480.0,47.0,0.3304791515736205,658.0,"[2, 1, 2]",422.0,41.0,0.3308839416501241,1029.0,"[2, 1, 1]",208.0,20.0,0.4136049270626551,658.0,255.0,331.0,"[2, 1, 2]",422.0,41.0,0.3308839416501241,"[2, 3, 5]",480.0,47.0,0.3304791515736205,331.0,False,331.0,False,331.0,False,"[2, 3, 5]",480.0,47.0,0.3304791515736205
mp-6233,O36 Na6 Sr18 Ru6,NaSr3RuO6,False,"[2, 2, 2]",534.0,30.0,0.3447663862274053,1158.0,"[3, 3, 2]",1207.0,67.0,0.26815163373242634,1810.0,"[2, 2, 2]",534.0,30.0,0.3447663862274053,1158.0,400.0,520.0,"[2, 2, 2]",534.0,30.0,0.3447663862274053,,,,,520.0,False,,,520.0,False,"[2, 2, 2]",534.0,30.0,0.3447663862274053
mp-14023,Li24 F96 Na24 Sc16,Na3Li3Sc2F12,False,"[2, 2, 2]",1280.0,63.0,0.250810858095097,1292.0,"[2, 2, 2]",1280.0,63.0,0.250810858095097,2019.0,"[2, 2, 2]",1280.0,63.0,0.250810858095097,1292.0,499.0,648.0,"[2, 2, 2]",1280.0,63.0,0.250810858095097,,,,,648.0,False,,,648.0,False,"[2, 2, 2]",1280.0,63.0,0.250810858095097
mp-21836,K12 Se114 In72,K2In12Se19,False,"[1, 1, 1]",269.0,32.0,0.4091629998683563,541.0,"[2, 2, 1]",807.0,95.0,0.2727753332455709,846.0,"[1, 1, 1]",269.0,32.0,0.4091629998683563,541.0,239.0,310.0,"[2, 2, 1]",807.0,95.0,0.2727753332455709,,,,,310.0,False,,,310.0,False,"[2, 2, 1]",807.0,95.0,0.2727753332455709
mp-29213,O32 Ge14 Cd4,Cd2Ge7O16,False,"[2, 2, 5]",1000.0,48.0,0.32772628736527554,1333.0,"[2, 2, 2]",1219.0,58.0,0.26029452572734935,2084.0,"[2, 2, 1]",644.0,31.0,0.34705936763646583,1333.0,400.0,520.0,"[2, 2, 1]",644.0,31.0,0.34705936763646583,,,,,520.0,False,,,520.0,False,"[2, 2, 4]",809.0,39.0,0.34138154933882864
mp-23029,Sb4 I18 Cs6,Cs3Sb2I9,False,"[3, 3, 1]",254.0,45.0,0.38074911171131887,359.0,"[1, 1, 1]",114.0,20.0,0.39275244564730566,561.0,"[1, 1, 1]",114.0,20.0,0.39275244564730566,359.0,220.0,286.0,"[1, 1, 1]",114.0,20.0,0.39275244564730566,"[3, 3, 1]",254.0,45.0,0.38074911171131887,286.0,False,286.0,False,286.0,False,"[3, 3, 1]",254.0,45.0,0.38074911171131887
mp-23202,In4 I4,InI,False,"[5, 2, 5]",401.0,56.0,0.3180627210265553,462.0,"[2, 1, 2]",579.0,80.0,0.2542614547270914,721.0,"[1, 1, 1]",161.0,22.0,0.38139218209063713,462.0,239.0,310.0,"[1, 1, 1]",161.0,22.0,0.38139218209063713,"[4, 2, 4]",263.0,36.0,0.3534030233628392,310.0,False,310.0,False,310.0,False,"[4, 2, 4]",263.0,36.0,0.3534030233628392
mp-17885,Ge8 Te20 Ba8,Ba2Ge2Te5,False,"[1, 2, 2]",151.0,20.0,0.3993283835874841,477.0,"[2, 1, 1]",300.0,40.0,0.31555345283466646,745.0,"[1, 1, 1]",151.0,20.0,0.3786641434015998,477.0,310.0,403.0,"[2, 1, 1]",300.0,40.0,0.31555345283466646,,,,,403.0,False,,,403.0,False,"[1, 2, 2]",151.0,20.0,0.3993283835874841
mp-557301,K4 Ti2 Si12 O30,K2Ti(Si2O5)3,False,"[3, 1, 3]",474.0,26.0,0.4218574764320371,1151.0,"[2, 2, 3]",1162.0,65.0,0.26786042697161566,1798.0,"[1, 1, 3]",320.0,18.0,0.4687557472003274,1151.0,400.0,520.0,"[1, 2, 3]",637.0,35.0,0.36830808708597146,,,,,520.0,False,,,520.0,False,"[3, 2, 3]",873.0,49.0,0.29530023350242596
mp-15520,B20 O40 Zn4 Tb4,TbZn(BO2)5,False,"[3, 3, 2]",1228.0,44.0,0.3194995139486625,1781.0,"[3, 2, 2]",1654.0,59.0,0.3039061281478148,2783.0,"[3, 1, 2]",883.0,32.0,0.41787092620324545,1781.0,400.0,520.0,"[3, 1, 2]",883.0,32.0,0.41787092620324545,,,,,520.0,False,,,520.0,False,"[3, 3, 2]",1228.0,44.0,0.3194995139486625
mp-556423,Na16 Si16 O40,Na2Si2O5,False,"[5, 1, 3]",1080.0,57.0,0.3966246646278938,1204.0,"[3, 1, 3]",1311.0,70.0,0.31117185659829993,1881.0,"[2, 1, 3]",878.0,47.0,0.34228904225812995,1204.0,400.0,520.0,"[2, 1, 2]",598.0,32.0,0.3734062279179599,,,,,520.0,False,,,520.0,False,"[4, 1, 2]",598.0,32.0,0.45266945419487875
mp-643727,H4 Pb4 Br4 O4,HPbBrO,False,"[3, 6, 2]",582.0,43.0,0.337825064050509,859.0,"[1, 2, 2]",410.0,31.0,0.35018662363717706,1342.0,"[1, 2, 2]",410.0,31.0,0.35018662363717706,859.0,400.0,520.0,"[1, 2, 2]",410.0,31.0,0.35018662363717706,"[3, 5, 2]",481.0,36.0,0.34908589951885927,520.0,False,520.0,False,520.0,False,"[3, 5, 2]",481.0,36.0,0.34908589951885927
mp-23660,C4 O84 Na44 S18 Cl2 K2,KNa22C2S9ClO42,False,"[2, 2, 1]",616.0,32.0,0.37365276533039693,1214.0,"[2, 2, 1]",616.0,32.0,0.37365276533039693,1897.0,"[2, 2, 1]",616.0,32.0,0.37365276533039693,1214.0,400.0,520.0,"[2, 2, 1]",616.0,32.0,0.37365276533039693,,,,,520.0,False,,,520.0,False,"[2, 2, 1]",616.0,32.0,0.37365276533039693
mp-755659,Dy4 H4 O8,DyHO2,False,"[2, 7, 5]",1128.0,53.0,0.3407108174183448,1357.0,"[2, 2, 1]",598.0,28.0,0.3566775427689624,2121.0,"[2, 2, 1]",598.0,28.0,0.3566775427689624,1357.0,400.0,520.0,"[2, 2, 1]",598.0,28.0,0.3566775427689624,"[2, 6, 4]",769.0,36.0,0.3705470754408552,520.0,False,520.0,False,520.0,False,"[2, 6, 4]",769.0,36.0,0.3705470754408552
mp-6175,Li16 O56 P16 Ba8,BaLi2P2O7,False,"[3, 2, 1]",625.0,31.0,0.37917471932873237,1286.0,"[4, 2, 2]",1547.0,77.0,0.25852821772413576,2009.0,"[3, 2, 1]",625.0,31.0,0.37917471932873237,1286.0,499.0,648.0,"[3, 2, 1]",625.0,31.0,0.37917471932873237,,,,,648.0,False,,,648.0,False,"[3, 2, 1]",625.0,31.0,0.37917471932873237
mp-5285,O16 S4 Sr4,SrSO4,False,"[3, 4, 3]",873.0,45.0,0.2900504831209325,1249.0,"[3, 2, 2]",1170.0,60.0,0.26684071915501817,1953.0,"[3, 2, 1]",631.0,32.0,0.36690598883814995,1249.0,400.0,520.0,"[2, 2, 1]",404.0,21.0,0.4002610787325272,"[2, 4, 3]",586.0,30.0,0.3427869345974657,520.0,False,520.0,False,520.0,False,"[2, 4, 3]",586.0,30.0,0.3427869345974657
mp-31292,Se32 Rb4 Pd2,Rb2PdSe16,False,"[2, 2, 3]",463.0,52.0,0.28693938165146476,571.0,"[2, 2, 2]",609.0,68.0,0.24498206507015072,892.0,"[2, 2, 1]",342.0,38.0,0.32664275342686755,571.0,250.0,326.0,"[2, 2, 1]",342.0,38.0,0.32664275342686755,,,,,326.0,False,,,326.0,False,"[2, 2, 3]",463.0,52.0,0.28693938165146476
mp-9263,K3 Te6 Er3,KErTe2,False,"[5, 5, 1]",301.0,41.0,0.5535994281506661,467.0,"[2, 2, 1]",433.0,59.0,0.30182488486290926,730.0,"[1, 1, 1]",123.0,17.0,0.4527373272943639,467.0,174.0,227.0,"[2, 2, 1]",433.0,59.0,0.30182488486290926,"[5, 5, 1]",301.0,41.0,0.5535994281506661,227.0,False,227.0,False,227.0,False,"[5, 5, 1]",301.0,41.0,0.5535994281506661
mp-861606,K2 La2 Si2 Se8,KLaSiSe4,False,"[3, 3, 2]",253.0,29.0,0.339195352944609,551.0,"[2, 2, 1]",473.0,55.0,0.290738873952522,862.0,"[1, 1, 1]",115.0,13.0,0.436108310928783,551.0,245.0,318.0,"[2, 1, 1]",251.0,29.0,0.3634235924406525,"[3, 3, 2]",253.0,29.0,0.339195352944609,318.0,False,318.0,False,318.0,False,"[3, 3, 2]",253.0,29.0,0.339195352944609
mp-7297,F6 Sn1 Cs2,Cs2SnF6,False,"[4, 4, 5]",720.0,55.0,0.27731006724136664,835.0,"[2, 2, 2]",873.0,67.0,0.26220340674959003,1305.0,"[2, 2, 1]",470.0,36.0,0.3496045423327867,835.0,400.0,520.0,"[2, 2, 1]",470.0,36.0,0.3496045423327867,"[4, 4, 4]",586.0,45.0,0.29711792918717855,520.0,False,520.0,False,520.0,False,"[4, 4, 4]",586.0,45.0,0.29711792918717855
mp-778364,Na12 Ti4 O14,Na6Ti2O7,False,"[2, 4, 2]",484.0,28.0,0.3727312860546742,1121.0,"[1, 2, 2]",484.0,28.0,0.37454978588033483,1752.0,"[1, 2, 2]",484.0,28.0,0.37454978588033483,1121.0,400.0,520.0,"[1, 2, 2]",484.0,28.0,0.37454978588033483,"[3, 4, 2]",735.0,42.0,0.3230337812473843,520.0,False,520.0,False,520.0,False,"[3, 4, 2]",735.0,42.0,0.3230337812473843
mp-5338,O24 Zn8 Se8,ZnSeO3,False,"[4, 2, 3]",964.0,52.0,0.28957199059122984,1180.0,"[2, 2, 4]",1294.0,70.0,0.26365081685937125,1844.0,"[2, 2, 3]",964.0,52.0,0.28122753798332945,1180.0,400.0,520.0,"[2, 2, 3]",964.0,52.0,0.28122753798332945,,,,,520.0,False,,,520.0,False,"[3, 2, 3]",732.0,40.0,0.31184675909824755
mp-2739,O8 Te4,TeO2,False,"[5, 5, 3]",902.0,52.0,0.2811946694117571,1101.0,"[3, 3, 1]",989.0,57.0,0.3195393970588149,1721.0,"[2, 2, 1]",392.0,23.0,0.38344727647057786,1101.0,400.0,520.0,"[2, 2, 1]",392.0,23.0,0.38344727647057786,"[4, 4, 3]",580.0,34.0,0.31953939705881484,520.0,False,520.0,False,520.0,False,"[4, 4, 3]",580.0,34.0,0.31953939705881484
mp-680246,Cs16 Zr12 S56,Cs4Zr3S14,False,"[1, 3, 1]",276.0,31.0,0.40079739315909824,564.0,"[1, 3, 2]",511.0,58.0,0.3149122374821485,882.0,"[1, 3, 1]",276.0,31.0,0.40079739315909824,564.0,258.0,336.0,"[1, 2, 2]",358.0,41.0,0.3435406227077984,,,,,336.0,False,,,336.0,False,"[1, 2, 2]",358.0,41.0,0.3435406227077984
mp-8191,F6 Cs2 Pt1,Cs2PtF6,False,"[4, 4, 5]",720.0,53.0,0.2802347602701192,862.0,"[2, 2, 2]",875.0,65.0,0.26539381357092207,1348.0,"[2, 2, 1]",467.0,35.0,0.3538584180945628,862.0,400.0,520.0,"[2, 2, 1]",467.0,35.0,0.3538584180945628,"[4, 4, 4]",584.0,43.0,0.30025152886084194,520.0,False,520.0,False,520.0,False,"[4, 4, 4]",584.0,43.0,0.30025152886084194
mp-754646,Dy16 Ge16 O56,Dy2Ge2O7,False,"[2, 2, 2]",704.0,31.0,0.3171286349552701,1437.0,"[2, 2, 2]",704.0,31.0,0.3171286349552701,2245.0,"[2, 2, 2]",704.0,31.0,0.3171286349552701,1437.0,400.0,520.0,"[2, 2, 2]",704.0,31.0,0.3171286349552701,,,,,520.0,False,,,520.0,False,"[2, 2, 2]",704.0,31.0,0.3171286349552701
mp-984055,Ca7 H12 Cl2,Ca7(H6Cl)2,False,"[2, 2, 7]",610.0,31.0,0.42242990394930163,1275.0,"[3, 3, 2]",1154.0,58.0,0.28098542087335876,1993.0,"[2, 2, 2]",509.0,26.0,0.3612669696943185,1275.0,262.0,341.0,"[3, 3, 2]",1154.0,58.0,0.28098542087335876,"[3, 3, 6]",1154.0,58.0,0.30802180496303244,341.0,False,341.0,False,341.0,False,"[2, 2, 5]",420.0,21.0,0.4435513991467668
mp-27425,H8 O8 Sr4,Sr(HO)2,False,"[2, 6, 4]",970.0,44.0,0.3384562494516137,1412.0,"[2, 2, 2]",970.0,44.0,0.2854290828737386,2207.0,"[2, 2, 2]",970.0,44.0,0.2854290828737386,1412.0,400.0,520.0,"[2, 2, 2]",970.0,44.0,0.2854290828737386,"[2, 5, 3]",602.0,27.0,0.38153249938181916,520.0,False,520.0,False,520.0,False,"[2, 5, 3]",602.0,27.0,0.38153249938181916
mp-5309,F16 K4 Au4,KAuF4,False,"[4, 4, 2]",769.0,54.0,0.2912481835791867,906.0,"[2, 2, 2]",769.0,54.0,0.2642691207531798,1415.0,"[2, 2, 2]",769.0,54.0,0.2642691207531798,906.0,400.0,520.0,"[2, 2, 2]",769.0,54.0,0.2642691207531798,"[3, 3, 2]",440.0,31.0,0.3397895475090512,520.0,False,520.0,False,520.0,False,"[3, 3, 2]",440.0,31.0,0.3397895475090512
mp-30905,Ba12 B8 N16,Ba3(BN2)2,False,"[5, 2, 1]",378.0,29.0,0.4688493276554667,833.0,"[2, 2, 1]",467.0,36.0,0.3316109009567695,1302.0,"[1, 2, 1]",235.0,18.0,0.4145136261959618,833.0,400.0,520.0,"[2, 2, 1]",467.0,36.0,0.3316109009567695,,,,,520.0,False,,,520.0,False,"[5, 2, 1]",378.0,29.0,0.4688493276554667
mp-661,N2 Al2,AlN,False,"[8, 8, 5]",1280.0,54.0,0.29605283944250804,1517.0,"[2, 2, 3]",1553.0,65.0,0.2659972172071218,2371.0,"[2, 2, 2]",1041.0,44.0,0.29924686935801204,1517.0,400.0,520.0,"[2, 2, 2]",1041.0,44.0,0.29924686935801204,"[7, 7, 4]",786.0,33.0,0.35244385647917625,520.0,False,520.0,False,520.0,False,"[7, 7, 4]",786.0,33.0,0.35244385647917625
mp-9711,N16 Si10 Ba4,Ba2Si5N8,False,"[4, 3, 2]",728.0,37.0,0.31962867527794275,1255.0,"[2, 2, 3]",1458.0,74.0,0.24624108547015558,1962.0,"[2, 1, 2]",511.0,26.0,0.36936162820523327,1255.0,400.0,520.0,"[2, 1, 2]",511.0,26.0,0.36936162820523327,"[3, 3, 2]",545.0,28.0,0.3442154964531692,520.0,False,520.0,False,520.0,False,"[3, 3, 2]",545.0,28.0,0.3442154964531692
mp-17894,P4 S16 Rb6 Sm2,Rb3Sm(PS4)2,True,"[2, 3, 2]",339.0,37.0,0.3151546061600292,592.0,"[1, 2, 2]",461.0,50.0,0.2972757686396731,926.0,"[1, 1, 2]",240.0,26.0,0.3715947107995914,592.0,258.0,336.0,"[1, 1, 2]",240.0,26.0,0.3715947107995914,"[2, 3, 2]",339.0,37.0,0.3151546061600292,336.0,False,336.0,False,336.0,False,"[2, 3, 2]",339.0,37.0,0.3151546061600292
mp-540634,Tl2 Ta2 Ge6 O18,TaTl(GeO3)3,False,"[3, 3, 2]",504.0,32.0,0.34724012306040997,1016.0,"[2, 2, 2]",926.0,58.0,0.27445336729640196,1587.0,"[1, 1, 2]",235.0,15.0,0.45742227882733666,1016.0,400.0,520.0,"[2, 2, 2]",926.0,58.0,0.27445336729640196,"[3, 3, 2]",504.0,32.0,0.34724012306040997,520.0,False,520.0,False,520.0,False,"[3, 3, 2]",504.0,32.0,0.34724012306040997
mp-16742,F2 Ag2 Te2 Ba2,BaAgTeF,False,"[5, 5, 2]",404.0,39.0,0.3450730090293295,659.0,"[2, 2, 1]",600.0,58.0,0.28016685947547787,1030.0,"[1, 1, 1]",150.0,15.0,0.4202502892132168,659.0,400.0,520.0,"[1, 1, 1]",150.0,15.0,0.4202502892132168,"[4, 4, 2]",256.0,25.0,0.3834144544770328,520.0,False,520.0,False,520.0,False,"[4, 4, 2]",256.0,25.0,0.3834144544770328
mp-27033,Li16 O56 P16 Sn8,Li2SnP2O7,False,"[3, 2, 1]",643.0,31.0,0.38071870464293583,1320.0,"[4, 2, 2]",1543.0,75.0,0.2595809349838199,2063.0,"[3, 2, 1]",643.0,31.0,0.38071870464293583,1320.0,499.0,648.0,"[3, 2, 2]",1164.0,56.0,0.2768863306494079,,,,,648.0,False,,,648.0,False,"[3, 2, 2]",1164.0,56.0,0.2768863306494079
mp-13602,O32 As8 Cd12,Cd3(AsO4)2,False,"[2, 2, 3]",636.0,36.0,0.3203562620965379,1122.0,"[3, 2, 2]",1254.0,71.0,0.24939392738124383,1754.0,"[2, 2, 1]",455.0,26.0,0.37409089107186566,1122.0,400.0,520.0,"[2, 2, 2]",860.0,49.0,0.2805681683038992,,,,,520.0,False,,,520.0,False,"[2, 2, 3]",636.0,36.0,0.3203562620965379
mp-30004,O2 Br4 Rb8,Rb4Br2O,False,"[4, 4, 1]",228.0,34.0,0.4446372165940374,433.0,"[1, 1, 1]",126.0,19.0,0.3776008900386849,677.0,"[1, 1, 1]",126.0,19.0,0.3776008900386849,433.0,400.0,520.0,"[1, 1, 1]",126.0,19.0,0.3776008900386849,"[4, 4, 1]",228.0,34.0,0.4446372165940374,520.0,False,520.0,False,520.0,False,"[4, 4, 1]",228.0,34.0,0.4446372165940374
mp-4511,O2 S1 La2,La2SO2,False,"[6, 6, 3]",544.0,42.0,0.33539135256478586,827.0,"[2, 2, 2]",724.0,56.0,0.2769433128843665,1292.0,"[2, 2, 1]",397.0,31.0,0.36925775051248877,827.0,400.0,520.0,"[2, 2, 1]",397.0,31.0,0.36925775051248877,"[6, 6, 3]",544.0,42.0,0.33539135256478586,520.0,False,520.0,False,520.0,False,"[6, 6, 3]",544.0,42.0,0.33539135256478586
mp-23465,Cl24 Te4 Cs8,Cs2TeCl6,False,"[2, 2, 2]",288.0,37.0,0.300997027448098,502.0,"[2, 2, 2]",288.0,37.0,0.300997027448098,785.0,"[2, 2, 2]",288.0,37.0,0.300997027448098,502.0,262.0,341.0,"[2, 2, 2]",288.0,37.0,0.300997027448098,,,,,341.0,False,,,341.0,False,"[2, 2, 2]",288.0,37.0,0.300997027448098
mp-27214,Br3 Sn1 Cs1,CsSnBr3,False,"[4, 4, 4]",320.0,48.0,0.27462495350174954,424.0,"[1, 1, 1]",135.0,20.0,0.36616660466899936,662.0,"[1, 1, 1]",135.0,20.0,0.36616660466899936,424.0,241.0,313.0,"[1, 1, 1]",135.0,20.0,0.36616660466899936,"[3, 3, 3]",135.0,20.0,0.36616660466899936,313.0,False,313.0,False,313.0,False,"[3, 3, 3]",135.0,20.0,0.36616660466899936
mp-7249,O9 Zn1 Nb2 Ba3,Ba3Nb2ZnO9,False,"[4, 4, 3]",722.0,40.0,0.3136207092857936,1150.0,"[2, 2, 2]",974.0,54.0,0.28225863835721415,1797.0,"[2, 2, 1]",517.0,29.0,0.3763448511429523,1150.0,400.0,520.0,"[2, 2, 1]",517.0,29.0,0.3763448511429523,"[4, 4, 3]",722.0,40.0,0.3136207092857936,520.0,False,520.0,False,520.0,False,"[4, 4, 3]",722.0,40.0,0.3136207092857936
mp-644285,K4 Al4 H8 C4 O20,KAlH2CO5,False,"[3, 2, 4]",972.0,42.0,0.316591307300846,1497.0,"[4, 2, 2]",1285.0,55.0,0.2883407414215824,2339.0,"[3, 2, 2]",972.0,42.0,0.30756345751635455,1497.0,400.0,520.0,"[3, 2, 2]",972.0,42.0,0.30756345751635455,,,,,520.0,False,,,520.0,False,"[3, 2, 3]",740.0,32.0,0.3409444847855265
mp-27281,H12 Li4 O8,LiH3O2,False,"[3, 3, 8]",1737.0,51.0,0.3368668498196227,2164.0,"[2, 3, 3]",2613.0,77.0,0.251415002442825,3382.0,"[1, 3, 2]",924.0,27.0,0.39508071812443935,2164.0,499.0,648.0,"[1, 2, 2]",585.0,17.0,0.43099714704484293,"[3, 2, 7]",1036.0,31.0,0.4153846869956251,648.0,False,648.0,False,648.0,False,"[3, 2, 7]",1036.0,31.0,0.4153846869956251
mp-569346,Cu2 I2,CuI,False,"[6, 6, 3]",437.0,46.0,0.3249804858150409,610.0,"[1, 1, 2]",279.0,29.0,0.3680683938600674,954.0,"[1, 1, 1]",130.0,14.0,0.44168207263208087,610.0,368.0,479.0,"[1, 1, 1]",130.0,14.0,0.44168207263208087,"[6, 6, 3]",437.0,46.0,0.3249804858150409,479.0,False,479.0,False,479.0,False,"[5, 5, 3]",300.0,31.0,0.35747853439654503
mp-776466,Ba4 Ti12 N4 O22,Ba2Ti6N2O11,False,"[1, 6, 2]",527.0,27.0,0.505330048766075,1237.0,"[1, 2, 3]",824.0,43.0,0.33550334470056664,1933.0,"[1, 2, 2]",527.0,27.0,0.3660036487642545,1237.0,400.0,520.0,"[1, 2, 2]",527.0,27.0,0.3660036487642545,,,,,520.0,False,,,520.0,False,"[1, 5, 2]",426.0,22.0,0.5154366497413965
mp-3107,O21 P3 Ga9,Ga3PO7,False,"[3, 3, 3]",898.0,40.0,0.3070193504150632,1429.0,"[3, 3, 2]",1195.0,54.0,0.29789147466370974,2232.0,"[3, 3, 1]",656.0,29.0,0.42555924951958535,1429.0,400.0,520.0,"[3, 3, 1]",656.0,29.0,0.42555924951958535,,,,,520.0,False,,,520.0,False,"[3, 3, 3]",898.0,40.0,0.3070193504150632
mp-570301,Ag2 Br2,AgBr,False,"[6, 6, 4]",577.0,53.0,0.27561037961984464,701.0,"[1, 2, 1]",303.0,28.0,0.35738711460017425,1096.0,"[1, 2, 1]",303.0,28.0,0.35738711460017425,701.0,297.0,387.0,"[1, 2, 1]",303.0,28.0,0.35738711460017425,"[5, 5, 4]",402.0,37.0,0.30710870871925544,387.0,False,387.0,False,387.0,False,"[5, 5, 3]",303.0,28.0,0.34648162009351896
mp-5387,O16 Y4 Nb4,YNbO4,False,"[3, 2, 5]",727.0,36.0,0.3921048633366543,1301.0,"[2, 2, 2]",1186.0,58.0,0.2867094638548322,2033.0,"[1, 2, 1]",305.0,15.0,0.47784910642472034,1301.0,400.0,520.0,"[2, 2, 2]",1186.0,58.0,0.2867094638548322,"[4, 2, 5]",975.0,48.0,0.3604835033901499,520.0,False,520.0,False,520.0,False,"[4, 2, 5]",975.0,48.0,0.3604835033901499
mp-35659,F18 Hg3 Pb3,HgPbF6,False,"[4, 4, 1]",397.0,26.0,0.5165376839255281,973.0,"[2, 2, 1]",397.0,26.0,0.38911080530676545,1521.0,"[2, 2, 1]",397.0,26.0,0.38911080530676545,973.0,400.0,520.0,"[2, 2, 1]",397.0,26.0,0.38911080530676545,"[4, 4, 1]",397.0,26.0,0.5165376839255281,520.0,False,520.0,False,520.0,False,"[4, 4, 1]",397.0,26.0,0.5165376839255281
mp-17651,F28 Ho4 Pt4,HoPtF7,False,"[2, 4, 2]",590.0,33.0,0.3575241654871115,1157.0,"[1, 2, 2]",590.0,33.0,0.3529482078072323,1809.0,"[1, 2, 2]",590.0,33.0,0.3529482078072323,1157.0,400.0,520.0,"[1, 2, 2]",590.0,33.0,0.3529482078072323,,,,,520.0,False,,,520.0,False,"[3, 4, 2]",872.0,48.0,0.30985427675549665
mp-571240,K4 La20 C8 Cl40,KLa5(CCl5)2,False,"[3, 1, 1]",234.0,24.0,0.4408401312080411,612.0,"[1, 2, 1]",323.0,34.0,0.35371991218700055,957.0,"[1, 1, 1]",145.0,15.0,0.42446389462440065,612.0,400.0,520.0,"[1, 1, 1]",145.0,15.0,0.42446389462440065,,,,,520.0,False,,,520.0,False,"[3, 1, 1]",234.0,24.0,0.4408401312080411
mp-541837,Bi6 Se9,Bi2Se3,False,"[6, 6, 1]",544.0,62.0,0.5530095413319218,565.0,"[2, 2, 1]",544.0,62.0,0.3091904164706023,883.0,"[2, 2, 1]",544.0,62.0,0.3091904164706023,565.0,211.0,275.0,"[2, 2, 1]",544.0,62.0,0.3091904164706023,"[6, 6, 1]",544.0,62.0,0.5530095413319218,275.0,False,275.0,False,275.0,False,"[6, 6, 1]",544.0,62.0,0.5530095413319218
mp-551873,Ca8 Bi4 O2,Ca4Bi2O,False,"[5, 5, 1]",365.0,38.0,0.4755147968652245,614.0,"[2, 2, 1]",553.0,58.0,0.28332133316928354,960.0,"[1, 1, 1]",127.0,13.0,0.4249819997539253,614.0,400.0,520.0,"[1, 1, 1]",127.0,13.0,0.4249819997539253,"[4, 4, 1]",225.0,23.0,0.5094801394984549,520.0,False,520.0,False,520.0,False,"[4, 4, 1]",225.0,23.0,0.5094801394984549
mp-558781,Sc2 Ta2 O8,ScTaO4,False,"[5, 4, 4]",967.0,45.0,0.283607762391368,1368.0,"[2, 2, 2]",1189.0,56.0,0.2675243661674729,2138.0,"[1, 2, 2]",608.0,28.0,0.3566991548899639,1368.0,400.0,520.0,"[1, 2, 2]",608.0,28.0,0.3566991548899639,"[4, 4, 4]",774.0,36.0,0.30386545970503714,520.0,False,520.0,False,520.0,False,"[4, 3, 4]",581.0,27.0,0.3376282885611524
mp-5368,Li6 F18 Ge3,Li2GeF6,False,"[3, 3, 5]",1219.0,51.0,0.2983148684770166,1530.0,"[3, 3, 3]",1462.0,61.0,0.26809948036579895,2391.0,"[3, 3, 2]",1004.0,42.0,0.3127827270934322,1530.0,499.0,648.0,"[3, 3, 2]",1004.0,42.0,0.3127827270934322,"[3, 3, 4]",1004.0,42.0,0.315525341658383,648.0,False,648.0,False,648.0,False,"[3, 3, 4]",1004.0,42.0,0.315525341658383
mp-626412,In12 H36 O36,In(HO)3,False,"[2, 2, 3]",1011.0,36.0,0.3286501559739797,1802.0,"[2, 2, 4]",1361.0,48.0,0.308109521225606,2815.0,"[2, 2, 3]",1011.0,36.0,0.3286501559739797,1802.0,400.0,520.0,"[2, 2, 3]",1011.0,36.0,0.3286501559739797,,,,,520.0,False,,,520.0,False,"[2, 2, 3]",1011.0,36.0,0.3286501559739797
mp-756624,Ba8 Sr4 I24,Ba2SrI6,False,"[3, 1, 3]",324.0,58.0,0.33434257443692594,356.0,"[1, 1, 1]",152.0,27.0,0.34410922118452164,557.0,"[1, 1, 1]",152.0,27.0,0.34410922118452164,356.0,229.0,298.0,"[1, 1, 1]",152.0,27.0,0.34410922118452164,,,,,298.0,False,,,298.0,False,"[3, 1, 2]",227.0,41.0,0.36777683188061855
mp-31276,P4 Cl8 Cd8,Cd2PCl2,False,"[3, 2, 3]",369.0,35.0,0.3316137505461088,673.0,"[1, 3, 1]",265.0,25.0,0.4232421582647338,1052.0,"[1, 2, 1]",161.0,15.0,0.4534737409979292,673.0,274.0,356.0,"[1, 2, 1]",161.0,15.0,0.4534737409979292,"[3, 2, 3]",369.0,35.0,0.3316137505461088,356.0,False,356.0,False,356.0,False,"[3, 2, 3]",369.0,35.0,0.3316137505461088
mp-600039,Si24 O48,SiO2,False,"[1, 2, 2]",290.0,21.0,0.3957615399816678,870.0,"[1, 3, 1]",481.0,35.0,0.3670012254565682,1360.0,"[1, 2, 1]",290.0,21.0,0.3932155987034659,870.0,400.0,520.0,"[1, 2, 1]",290.0,21.0,0.3932155987034659,,,,,520.0,False,,,520.0,False,"[1, 2, 2]",290.0,21.0,0.3957615399816678
mp-553342,F6 O9 Be6 B3 Cs3,CsBe2BO3F2,False,"[5, 5, 1]",676.0,37.0,0.5515886076883795,1172.0,"[3, 3, 1]",990.0,54.0,0.35580216374129475,1831.0,"[2, 2, 1]",436.0,24.0,0.42696259648955376,1172.0,400.0,520.0,"[3, 3, 1]",990.0,54.0,0.35580216374129475,"[5, 5, 1]",676.0,37.0,0.5515886076883795,520.0,False,520.0,False,520.0,False,"[5, 5, 1]",676.0,37.0,0.5515886076883795
mp-6169,O26 Si4 Ba3 Ta6,Ba3Ta6(Si2O13)2,False,"[2, 2, 3]",478.0,27.0,0.35806795383291773,1130.0,"[3, 3, 1]",774.0,44.0,0.37238407369140775,1766.0,"[2, 2, 1]",314.0,18.0,0.44686088842968935,1130.0,400.0,520.0,"[3, 3, 1]",774.0,44.0,0.37238407369140775,,,,,520.0,False,,,520.0,False,"[3, 3, 3]",1061.0,60.0,0.26855096537468826
mp-27400,Rb4 Cd4 Br12,RbCdBr3,False,"[2, 6, 1]",254.0,32.0,0.47580564295690997,514.0,"[1, 2, 1]",254.0,32.0,0.3431185640005107,804.0,"[1, 2, 1]",254.0,32.0,0.3431185640005107,514.0,274.0,356.0,"[1, 2, 1]",254.0,32.0,0.3431185640005107,,,,,356.0,False,,,356.0,False,"[2, 5, 1]",204.0,25.0,0.48532175581604825
mp-559719,Li4 Pr4 S8 O32,LiPr(SO4)2,False,"[1, 3, 3]",455.0,24.0,0.4337686906645819,1228.0,"[2, 2, 4]",1537.0,80.0,0.25985257532826755,1919.0,"[1, 1, 3]",309.0,16.0,0.4850581406127662,1228.0,499.0,648.0,"[2, 2, 3]",1176.0,61.0,0.27717608035015207,,,,,648.0,False,,,648.0,False,"[1, 3, 3]",455.0,24.0,0.4337686906645819
mp-2798,Si24 P24,SiP,False,"[7, 1, 1]",365.0,30.0,0.608362178930264,774.0,"[2, 1, 2]",592.0,49.0,0.3026084749137279,1210.0,"[2, 1, 1]",304.0,25.0,0.3782605936421599,774.0,255.0,331.0,"[2, 1, 1]",304.0,25.0,0.3782605936421599,,,,,331.0,False,,,331.0,False,"[6, 1, 1]",304.0,25.0,0.6151217586961557
mp-5967,Ti4 Co4 Sb4,TiCoSb,False,"[4, 4, 4]",768.0,51.0,0.2700515868324389,968.0,"[2, 2, 2]",768.0,51.0,0.2700515868324389,1512.0,"[2, 2, 2]",768.0,51.0,0.2700515868324389,968.0,267.0,348.0,"[2, 2, 2]",768.0,51.0,0.2700515868324389,"[3, 3, 3]",324.0,21.0,0.36006878244325186,348.0,False,348.0,False,348.0,False,"[3, 3, 3]",324.0,21.0,0.36006878244325186
mp-754710,Sr2 Ca1 I6,Sr2CaI6,False,"[3, 3, 3]",244.0,42.0,0.3015326572078474,369.0,"[1, 1, 1]",111.0,19.0,0.4023013335538194,576.0,"[1, 1, 1]",111.0,19.0,0.4023013335538194,369.0,229.0,298.0,"[1, 1, 1]",111.0,19.0,0.4023013335538194,"[3, 3, 3]",244.0,42.0,0.3015326572078474,298.0,False,298.0,False,298.0,False,"[3, 3, 3]",244.0,42.0,0.3015326572078474
mp-1224,O4 Hg4,HgO,False,"[3, 4, 7]",680.0,45.0,0.3107719717315234,974.0,"[2, 2, 2]",1043.0,68.0,0.2474768241838536,1523.0,"[1, 2, 1]",276.0,18.0,0.41246137363975605,974.0,400.0,520.0,"[2, 2, 1]",565.0,37.0,0.32996909891180487,"[3, 4, 6]",577.0,38.0,0.3209612167063275,520.0,False,520.0,False,520.0,False,"[3, 3, 5]",363.0,24.0,0.3708885170828673
mp-9518,O6 P6 Zn6 Nd6,NdZnPO,False,"[6, 6, 1]",884.0,62.0,0.5744965634794253,917.0,"[3, 3, 1]",884.0,62.0,0.37798768858149234,1433.0,"[3, 3, 1]",884.0,62.0,0.37798768858149234,917.0,400.0,520.0,"[3, 3, 1]",884.0,62.0,0.37798768858149234,"[6, 6, 1]",884.0,62.0,0.5744965634794253,520.0,False,520.0,False,520.0,False,"[6, 6, 1]",884.0,62.0,0.5744965634794253
mp-22766,O32 Ca8 In16,CaIn2O4,False,"[2, 2, 2]",448.0,26.0,0.3388753633001394,1115.0,"[3, 3, 3]",1512.0,87.0,0.2259169088667596,1743.0,"[2, 2, 2]",448.0,26.0,0.3388753633001394,1115.0,400.0,520.0,"[2, 2, 2]",448.0,26.0,0.3388753633001394,,,,,520.0,False,,,520.0,False,"[2, 2, 2]",448.0,26.0,0.3388753633001394
mp-4651,O12 Ti4 Sr4,SrTiO3,False,"[4, 4, 3]",961.0,46.0,0.28596762893864847,1342.0,"[2, 2, 3]",961.0,46.0,0.28826030282271287,2097.0,"[2, 2, 3]",961.0,46.0,0.28826030282271287,1342.0,400.0,520.0,"[2, 2, 3]",961.0,46.0,0.28826030282271287,"[4, 4, 3]",961.0,46.0,0.28596762893864847,520.0,False,520.0,False,520.0,False,"[4, 4, 3]",961.0,46.0,0.28596762893864847
mp-2892,O16 Ba4 Nd8,BaNd2O4,False,"[2, 6, 2]",677.0,46.0,0.3692504968580102,943.0,"[2, 2, 2]",677.0,46.0,0.2806601733037353,1474.0,"[2, 2, 2]",677.0,46.0,0.2806601733037353,943.0,400.0,520.0,"[2, 2, 2]",677.0,46.0,0.2806601733037353,"[2, 6, 2]",677.0,46.0,0.3692504968580102,520.0,False,520.0,False,520.0,False,"[2, 6, 2]",677.0,46.0,0.3692504968580102
mp-673682,Tb8 Yb4 S16,Tb2YbS4,True,"[3, 3, 3]",756.0,60.0,0.2548739905691009,801.0,"[3, 3, 1]",531.0,42.0,0.3539355854289671,1251.0,"[3, 3, 1]",531.0,42.0,0.3539355854289671,801.0,258.0,336.0,"[2, 2, 1]",224.0,18.0,0.42472270251476046,"[2, 2, 2]",224.0,18.0,0.3823109858536513,336.0,False,336.0,False,336.0,False,"[2, 2, 2]",224.0,18.0,0.3823109858536513
mp-2697,O4 Sr2,SrO2,False,"[7, 7, 3]",895.0,50.0,0.31048451226283835,1156.0,"[2, 2, 2]",879.0,49.0,0.27709334546075065,1807.0,"[2, 2, 1]",463.0,26.0,0.3694577939476675,1156.0,400.0,520.0,"[2, 2, 2]",879.0,49.0,0.27709334546075065,"[6, 6, 3]",649.0,36.0,0.33436793628305667,520.0,False,520.0,False,520.0,False,"[6, 6, 3]",649.0,36.0,0.33436793628305667
mp-27221,O48 Ca6 Hf21,Ca2Hf7O16,False,"[4, 4, 1]",1201.0,58.0,0.4248373834688057,1329.0,"[4, 4, 1]",1201.0,58.0,0.4248373834688057,2077.0,"[4, 4, 1]",1201.0,58.0,0.4248373834688057,1329.0,400.0,520.0,"[4, 4, 1]",1201.0,58.0,0.4248373834688057,,,,,520.0,False,,,520.0,False,"[4, 4, 1]",1201.0,58.0,0.4248373834688057
mp-558054,Sr4 Li8 Ta8 O28,SrLi2Ta2O7,False,"[1, 4, 4]",779.0,37.0,0.4335377025409344,1356.0,"[1, 5, 2]",1007.0,48.0,0.384818195160521,2119.0,"[1, 4, 2]",779.0,37.0,0.3961363773711246,1356.0,499.0,648.0,"[1, 4, 2]",779.0,37.0,0.3961363773711246,,,,,648.0,False,,,648.0,False,"[1, 4, 4]",779.0,37.0,0.4335377025409344
mp-8590,F12 K4 Hf2,K2HfF6,False,"[3, 3, 2]",325.0,26.0,0.34876163955897277,801.0,"[2, 2, 1]",600.0,48.0,0.29893854819340526,1252.0,"[1, 1, 1]",150.0,12.0,0.44840782229010784,801.0,400.0,520.0,"[2, 2, 1]",600.0,48.0,0.29893854819340526,"[3, 3, 2]",325.0,26.0,0.34876163955897277,520.0,False,520.0,False,520.0,False,"[3, 3, 2]",325.0,26.0,0.34876163955897277
mp-2672,O8 K8,K2O2,False,"[3, 3, 3]",433.0,34.0,0.3102518477003315,824.0,"[2, 2, 2]",1025.0,80.0,0.23268888577524857,1288.0,"[1, 1, 1]",128.0,10.0,0.46537777155049714,824.0,400.0,520.0,"[1, 1, 2]",296.0,23.0,0.3878148096254143,"[3, 3, 3]",433.0,34.0,0.3102518477003315,520.0,False,520.0,False,520.0,False,"[3, 3, 3]",433.0,34.0,0.3102518477003315
mp-9077,Be4 O14 Si2 Nd4,Nd2Be2SiO7,False,"[3, 3, 5]",1082.0,49.0,0.28717200463413,1415.0,"[3, 3, 3]",1327.0,60.0,0.2594131802996118,2211.0,"[3, 3, 2]",870.0,39.0,0.3026487103495471,1415.0,400.0,520.0,"[3, 3, 2]",870.0,39.0,0.3026487103495471,"[3, 3, 4]",870.0,39.0,0.30373962028609897,520.0,False,520.0,False,520.0,False,"[3, 3, 4]",870.0,39.0,0.30373962028609897
mp-2659,Li2 N6,LiN3,False,"[4, 7, 5]",1122.0,48.0,0.2926947839129752,1511.0,"[2, 2, 2]",1199.0,51.0,0.27970643196960643,2361.0,"[2, 2, 1]",603.0,26.0,0.37294190929280857,1511.0,499.0,648.0,"[2, 2, 1]",603.0,26.0,0.37294190929280857,"[4, 6, 4]",772.0,33.0,0.32913469676961077,648.0,False,648.0,False,648.0,False,"[4, 6, 4]",772.0,33.0,0.32913469676961077
mp-3700,Li4 F16 Y4,LiYF4,False,"[4, 4, 2]",768.0,36.0,0.33654933261920805,1347.0,"[2, 2, 2]",768.0,36.0,0.30155248905321524,2105.0,"[2, 2, 2]",768.0,36.0,0.30155248905321524,1347.0,499.0,648.0,"[2, 2, 2]",768.0,36.0,0.30155248905321524,"[4, 4, 2]",768.0,36.0,0.33654933261920805,648.0,False,648.0,False,648.0,False,"[4, 4, 2]",768.0,36.0,0.33654933261920805
mp-753520,Li12 Bi4 S12,Li3BiS3,False,"[3, 3, 2]",505.0,38.0,0.30897899005234053,861.0,"[1, 2, 2]",490.0,36.0,0.33347439552932395,1345.0,"[1, 1, 2]",234.0,17.0,0.41684299441165495,861.0,499.0,648.0,"[1, 1, 2]",234.0,17.0,0.41684299441165495,"[3, 3, 2]",505.0,38.0,0.30897899005234053,648.0,False,648.0,False,648.0,False,"[3, 3, 2]",505.0,38.0,0.30897899005234053
mp-571667,Cd13 I26,CdI2,False,"[6, 6, 1]",2482.0,353.0,0.5196492689367136,450.0,"[7, 7, 1]",2960.0,421.0,0.5010903664746881,703.0,"[6, 6, 1]",2482.0,353.0,0.5196492689367136,450.0,274.0,356.0,"[5, 5, 1]",2059.0,293.0,0.5456317323835492,,,,,356.0,False,,,356.0,False,"[5, 5, 1]",2059.0,293.0,0.5456317323835492
mp-2691,Se4 Cd4,CdSe,False,"[4, 4, 4]",512.0,58.0,0.25837797889980557,565.0,"[2, 2, 2]",512.0,58.0,0.25837797889980557,883.0,"[2, 2, 2]",512.0,58.0,0.25837797889980557,565.0,274.0,356.0,"[2, 2, 2]",512.0,58.0,0.25837797889980557,"[3, 3, 3]",216.0,24.0,0.3445039718664074,356.0,False,356.0,False,356.0,False,"[3, 3, 3]",216.0,24.0,0.3445039718664074
mp-2763,O3 Nd2,Nd2O3,False,"[6, 6, 4]",720.0,44.0,0.3143052757712177,1052.0,"[2, 2, 2]",720.0,44.0,0.29871560745092796,1644.0,"[2, 2, 2]",720.0,44.0,0.29871560745092796,1052.0,400.0,520.0,"[2, 2, 2]",720.0,44.0,0.29871560745092796,"[6, 6, 3]",551.0,34.0,0.35920602945282026,520.0,False,520.0,False,520.0,False,"[6, 6, 3]",551.0,34.0,0.35920602945282026
mp-541081,Mg8 Na4 S8 O32 H12,NaMg2H3(SO4)2,False,"[1, 4, 2]",559.0,25.0,0.44621755451367107,1442.0,"[2, 2, 3]",1540.0,68.0,0.2665807871226861,2254.0,"[1, 2, 2]",559.0,25.0,0.3998711806840292,1442.0,403.0,525.0,"[2, 2, 3]",1540.0,68.0,0.2665807871226861,,,,,525.0,False,,,525.0,False,"[2, 3, 3]",1204.0,53.0,0.2974783696757807
mp-4809,S8 Ga4 Hg2,Ga2HgS4,False,"[4, 4, 2]",449.0,40.0,0.3218499521127375,716.0,"[2, 2, 1]",449.0,40.0,0.3218499521127375,1120.0,"[2, 2, 1]",449.0,40.0,0.3218499521127375,716.0,282.0,367.0,"[2, 2, 1]",449.0,40.0,0.3218499521127375,"[4, 4, 2]",449.0,40.0,0.3218499521127375,367.0,False,367.0,False,367.0,False,"[4, 4, 2]",449.0,40.0,0.3218499521127375
mp-557758,La4 Mg4 B20 O40,LaMg(BO2)5,False,"[3, 3, 2]",1230.0,46.0,0.3167445491025224,1704.0,"[3, 2, 2]",1648.0,62.0,0.3009362805719559,2663.0,"[3, 1, 2]",890.0,33.0,0.4137873857864394,1704.0,403.0,525.0,"[3, 1, 2]",890.0,33.0,0.4137873857864394,,,,,525.0,False,,,525.0,False,"[3, 3, 2]",1230.0,46.0,0.3167445491025224
mp-1265,O4 Mg4,MgO,False,"[5, 5, 5]",1000.0,38.0,0.2979748076336422,1693.0,"[3, 3, 3]",1728.0,65.0,0.24831233969470182,2645.0,"[2, 2, 2]",512.0,19.0,0.37246850954205274,1693.0,403.0,525.0,"[2, 2, 2]",512.0,19.0,0.37246850954205274,"[5, 5, 5]",1000.0,38.0,0.2979748076336422,525.0,False,525.0,False,525.0,False,"[5, 5, 5]",1000.0,38.0,0.2979748076336422
mp-756122,Cs12 Tl4 O12,Cs3TlO3,False,"[3, 3, 2]",505.0,51.0,0.2801852169722503,628.0,"[1, 1, 2]",239.0,24.0,0.374036132034304,982.0,"[1, 1, 2]",239.0,24.0,0.374036132034304,628.0,400.0,520.0,"[1, 1, 2]",239.0,24.0,0.374036132034304,"[2, 3, 2]",349.0,36.0,0.3202116765397146,520.0,False,520.0,False,520.0,False,"[2, 3, 2]",349.0,36.0,0.3202116765397146
mp-7293,P8 Se24 Hg8,HgPSe3,False,"[3, 2, 1]",256.0,26.0,0.4074922320806436,639.0,"[2, 2, 2]",646.0,65.0,0.2515165732493474,998.0,"[1, 2, 1]",177.0,18.0,0.41919428874891224,639.0,255.0,331.0,"[2, 2, 1]",356.0,36.0,0.33535543099912984,,,,,331.0,False,,,331.0,False,"[3, 2, 1]",256.0,26.0,0.4074922320806436
mp-17446,F28 Pr4 Pt4,PrPtF7,False,"[2, 4, 2]",589.0,36.0,0.34620908478965073,1043.0,"[1, 2, 2]",589.0,36.0,0.3419318242419393,1631.0,"[1, 2, 2]",589.0,36.0,0.3419318242419393,1043.0,400.0,520.0,"[1, 2, 2]",589.0,36.0,0.3419318242419393,,,,,520.0,False,,,520.0,False,"[2, 4, 2]",589.0,36.0,0.34620908478965073
mp-6586,F24 Na4 Al4 K8,K2NaAlF6,False,"[3, 3, 3]",1080.0,59.0,0.257161563542524,1175.0,"[3, 3, 3]",1080.0,59.0,0.257161563542524,1836.0,"[3, 3, 3]",1080.0,59.0,0.257161563542524,1175.0,400.0,520.0,"[2, 2, 2]",320.0,17.0,0.38574234531378604,,,,,520.0,False,,,520.0,False,"[2, 2, 2]",320.0,17.0,0.38574234531378604
mp-758868,Mg18 B18 P18 H108 O144,MgBP(H3O4)2,False,"[1, 1, 1]",307.0,11.0,0.47720161030431485,1839.0,"[2, 2, 2]",2452.0,85.0,0.23860080515215742,2874.0,"[1, 1, 1]",307.0,11.0,0.47720161030431485,1839.0,403.0,525.0,"[2, 2, 1]",1459.0,51.0,0.3181344068695433,,,,,525.0,False,,,525.0,False,"[2, 2, 1]",1459.0,51.0,0.3181344068695433
mp-505121,Na8 Hg12 S16,Na2Hg3S4,False,"[3, 1, 3]",352.0,33.0,0.38584752792695093,689.0,"[1, 2, 1]",327.0,30.0,0.3518526547153172,1077.0,"[1, 1, 1]",145.0,13.0,0.42222318565838063,689.0,259.0,337.0,"[1, 1, 1]",145.0,13.0,0.42222318565838063,,,,,337.0,False,,,337.0,False,"[3, 1, 2]",228.0,21.0,0.424432280719646
mp-556282,Ba8 Al4 In4 O20,Ba2AlInO5,False,"[4, 4, 1]",581.0,38.0,0.4659963724389381,972.0,"[2, 2, 1]",581.0,38.0,0.34594352261628714,1520.0,"[2, 2, 1]",581.0,38.0,0.34594352261628714,972.0,400.0,520.0,"[2, 2, 1]",581.0,38.0,0.34594352261628714,,,,,520.0,False,,,520.0,False,"[4, 4, 1]",581.0,38.0,0.4659963724389381
mp-27716,O4 K4 Tl4,KTlO,False,"[1, 7, 4]",386.0,36.0,0.5096695718420011,680.0,"[2, 2, 1]",604.0,57.0,0.2873619276537008,1063.0,"[1, 1, 1]",150.0,14.0,0.4310428914805511,680.0,400.0,520.0,"[2, 1, 1]",313.0,29.0,0.35920240956712596,"[2, 6, 3]",443.0,42.0,0.36591661568143663,520.0,False,520.0,False,520.0,False,"[2, 5, 3]",374.0,35.0,0.3781138362041513
mp-2784,Na8 Te4,Na2Te,False,"[3, 3, 3]",324.0,41.0,0.28900912073509344,500.0,"[2, 2, 2]",768.0,98.0,0.21675684055132008,782.0,"[1, 1, 1]",96.0,12.0,0.43351368110264016,500.0,259.0,337.0,"[1, 1, 1]",96.0,12.0,0.43351368110264016,"[3, 3, 3]",324.0,41.0,0.28900912073509344,337.0,False,337.0,False,337.0,False,"[3, 3, 3]",324.0,41.0,0.28900912073509344
mp-2782,P16 Zn8,ZnP2,False,"[5, 5, 1]",619.0,48.0,0.44216591070103406,821.0,"[2, 2, 1]",385.0,30.0,0.35385891346669207,1283.0,"[2, 2, 1]",385.0,30.0,0.35385891346669207,821.0,276.0,359.0,"[2, 2, 1]",385.0,30.0,0.35385891346669207,"[4, 4, 1]",385.0,30.0,0.4737491900368222,359.0,False,359.0,False,359.0,False,"[4, 4, 1]",385.0,30.0,0.4737491900368222
mp-558267,Na4 Li4 Si4 B12 H4 O32,NaLiSiB3HO8,False,"[3, 1, 3]",578.0,23.0,0.4764546232774474,1607.0,"[2, 2, 4]",1929.0,77.0,0.2789648865023979,2511.0,"[1, 1, 3]",396.0,16.0,0.5207344548044761,1607.0,499.0,648.0,"[2, 1, 3]",807.0,32.0,0.40914850020351695,,,,,648.0,False,,,648.0,False,"[4, 1, 3]",807.0,32.0,0.45263189211357496
mp-23451,Cr4 Br18 Cs6,Cs3Cr2Br9,False,"[3, 3, 1]",257.0,33.0,0.41978566350286584,504.0,"[2, 2, 1]",491.0,62.0,0.2914690223549681,788.0,"[1, 1, 1]",113.0,14.0,0.4372035335324521,504.0,265.0,345.0,"[2, 2, 1]",491.0,62.0,0.2914690223549681,"[3, 3, 1]",257.0,33.0,0.41978566350286584,345.0,False,345.0,False,345.0,False,"[3, 3, 1]",257.0,33.0,0.41978566350286584
mp-29008,Li24 Mg4 Br32,Li6MgBr8,False,"[2, 2, 2]",480.0,41.0,0.28994601325600283,748.0,"[2, 2, 2]",480.0,41.0,0.28994601325600283,1170.0,"[2, 2, 2]",480.0,41.0,0.28994601325600283,748.0,499.0,648.0,"[2, 2, 2]",480.0,41.0,0.28994601325600283,,,,,648.0,False,,,648.0,False,"[2, 2, 2]",480.0,41.0,0.28994601325600283
mp-582080,Cs24 La8 Cl48,Cs3LaCl6,False,"[1, 3, 1]",276.0,41.0,0.38095427444010155,432.0,"[1, 3, 2]",481.0,71.0,0.2993212156315084,676.0,"[1, 3, 1]",276.0,41.0,0.38095427444010155,432.0,262.0,341.0,"[1, 2, 2]",343.0,51.0,0.3265322352343728,,,,,341.0,False,,,341.0,False,"[1, 2, 1]",183.0,27.0,0.408165294042966
mp-2789,N12 O24,NO2,False,"[3, 3, 3]",972.0,54.0,0.2641467873275796,1146.0,"[3, 3, 3]",972.0,54.0,0.2641467873275796,1791.0,"[3, 3, 3]",972.0,54.0,0.2641467873275796,1146.0,400.0,520.0,"[3, 3, 3]",972.0,54.0,0.2641467873275796,,,,,520.0,False,,,520.0,False,"[2, 2, 2]",288.0,16.0,0.3962201809913694
mp-864617,Nd2 I6,NdI3,True,"[2, 2, 6]",193.0,40.0,0.3745191278547106,309.0,"[1, 1, 1]",131.0,27.0,0.35282998844466923,483.0,"[1, 1, 1]",131.0,27.0,0.35282998844466923,309.0,182.0,237.0,"[1, 1, 1]",131.0,27.0,0.35282998844466923,"[2, 2, 5]",160.0,33.0,0.3852196743648453,237.0,False,237.0,False,237.0,False,"[2, 2, 5]",160.0,33.0,0.3852196743648453
mp-12637,O24 Nb4 Ba8 Nd4,Ba2NdNbO6,False,"[2, 2, 2]",320.0,21.0,0.3644393789787414,991.0,"[3, 3, 3]",1080.0,70.0,0.2429595859858276,1548.0,"[2, 2, 2]",320.0,21.0,0.3644393789787414,991.0,400.0,520.0,"[2, 2, 2]",320.0,21.0,0.3644393789787414,,,,,520.0,False,,,520.0,False,"[2, 2, 2]",320.0,21.0,0.3644393789787414
mp-696195,Y8 Se8 F8,YSeF,False,"[2, 6, 1]",318.0,27.0,0.5021951415246754,761.0,"[1, 2, 2]",587.0,49.0,0.2996768833749657,1189.0,"[1, 2, 1]",318.0,27.0,0.37459610421870715,761.0,400.0,520.0,"[1, 2, 2]",587.0,49.0,0.2996768833749657,"[2, 5, 2]",491.0,41.0,0.36158050189776625,520.0,False,520.0,False,520.0,False,"[2, 5, 2]",491.0,41.0,0.36158050189776625
mp-555211,Si32 O64,SiO2,False,"[1, 1, 2]",202.0,18.0,0.4146669325286613,730.0,"[2, 2, 2]",793.0,69.0,0.2488001595171968,1142.0,"[1, 1, 2]",202.0,18.0,0.4146669325286613,730.0,400.0,520.0,"[1, 1, 2]",202.0,18.0,0.4146669325286613,,,,,520.0,False,,,520.0,False,"[1, 1, 2]",202.0,18.0,0.4146669325286613
mp-3978,O36 Si12 Sr12,SrSiO3,False,"[2, 3, 2]",724.0,43.0,0.30372841376625337,1070.0,"[2, 2, 2]",978.0,58.0,0.26833475307359833,1673.0,"[2, 1, 2]",519.0,31.0,0.35777967076479783,1070.0,400.0,520.0,"[2, 1, 2]",519.0,31.0,0.35777967076479783,,,,,520.0,False,,,520.0,False,"[2, 3, 2]",724.0,43.0,0.30372841376625337
mp-733604,Ba8 Mg12 H40,Ba2Mg3H10,False,"[1, 4, 3]",737.0,37.0,0.4112559558059834,1283.0,"[1, 2, 3]",737.0,37.0,0.36576033402104535,2005.0,"[1, 2, 3]",737.0,37.0,0.36576033402104535,1283.0,403.0,525.0,"[1, 2, 3]",737.0,37.0,0.36576033402104535,,,,,525.0,False,,,525.0,False,"[1, 3, 3]",555.0,28.0,0.43290100611156146
mp-3996,O12 Ga3 As3,GaAsO4,False,"[5, 5, 2]",902.0,50.0,0.34480305702496666,1149.0,"[3, 3, 2]",1327.0,74.0,0.2590146508109348,1796.0,"[2, 2, 2]",580.0,32.0,0.33301883675691607,1149.0,400.0,520.0,"[2, 2, 2]",580.0,32.0,0.33301883675691607,"[5, 5, 2]",902.0,50.0,0.34480305702496666,520.0,False,520.0,False,520.0,False,"[5, 5, 2]",902.0,50.0,0.34480305702496666
mp-7765,O20 Si4 Ba12,Ba3SiO5,False,"[3, 3, 2]",648.0,43.0,0.2961781232154477,958.0,"[2, 2, 2]",1177.0,79.0,0.23687449173637923,1497.0,"[1, 1, 2]",308.0,21.0,0.39479081956063206,958.0,400.0,520.0,"[1, 1, 2]",308.0,21.0,0.39479081956063206,,,,,520.0,False,,,520.0,False,"[3, 3, 2]",648.0,43.0,0.2961781232154477
mp-7084,Si4 Ca4 Sr4,SrCaSi,False,"[3, 5, 2]",370.0,44.0,0.31797010388583075,542.0,"[1, 1, 1]",146.0,17.0,0.3902723268497504,847.0,"[1, 1, 1]",146.0,17.0,0.3902723268497504,542.0,245.0,318.0,"[1, 1, 1]",146.0,17.0,0.3902723268497504,"[3, 4, 2]",294.0,35.0,0.3333557540738548,318.0,False,318.0,False,318.0,False,"[2, 4, 2]",194.0,23.0,0.3846412547006018
mp-684015,Bi36 Au4 Br36,Bi9AuBr9,False,"[2, 1, 1]",159.0,20.0,0.3986996035855761,510.0,"[2, 1, 1]",159.0,20.0,0.3986996035855761,797.0,"[2, 1, 1]",159.0,20.0,0.3986996035855761,510.0,229.0,298.0,"[2, 1, 1]",159.0,20.0,0.3986996035855761,,,,,298.0,False,,,298.0,False,"[2, 1, 1]",159.0,20.0,0.3986996035855761
mp-2667,Cs1 Au1,CsAu,False,"[6, 6, 6]",432.0,62.0,0.25256851680409964,445.0,"[1, 1, 1]",128.0,18.0,0.37885277520614946,696.0,"[1, 1, 1]",128.0,18.0,0.37885277520614946,445.0,229.0,298.0,"[1, 1, 1]",128.0,18.0,0.37885277520614946,"[5, 5, 5]",250.0,36.0,0.3030822201649196,298.0,False,298.0,False,298.0,False,"[5, 5, 5]",250.0,36.0,0.3030822201649196
mp-2758,Se4 Sr4,SrSe,False,"[4, 4, 4]",512.0,62.0,0.2531456260886859,531.0,"[2, 2, 2]",512.0,62.0,0.2531456260886859,830.0,"[2, 2, 2]",512.0,62.0,0.2531456260886859,531.0,229.0,298.0,"[2, 2, 2]",512.0,62.0,0.2531456260886859,"[3, 3, 3]",216.0,26.0,0.3375275014515812,298.0,False,298.0,False,298.0,False,"[3, 3, 3]",216.0,26.0,0.3375275014515812
mp-4056,O16 Ca4 Sc8,CaSc2O4,False,"[2, 8, 2]",915.0,43.0,0.40584118706410877,1370.0,"[3, 2, 2]",1364.0,64.0,0.25782243763826085,2141.0,"[2, 2, 2]",915.0,43.0,0.29005024234304344,1370.0,400.0,520.0,"[2, 2, 2]",915.0,43.0,0.29005024234304344,"[2, 6, 2]",678.0,32.0,0.4208723421405573,520.0,False,520.0,False,520.0,False,"[2, 6, 2]",678.0,32.0,0.4208723421405573
mp-2657,O4 Ti2,TiO2,False,"[5, 5, 8]",1200.0,50.0,0.2838698556890437,1529.0,"[3, 3, 2]",1742.0,73.0,0.24625314823895683,2389.0,"[2, 2, 2]",784.0,33.0,0.3166111905929445,1529.0,400.0,520.0,"[2, 2, 2]",784.0,33.0,0.3166111905929445,"[4, 4, 7]",675.0,28.0,0.3475957416600535,520.0,False,520.0,False,520.0,False,"[4, 4, 7]",675.0,28.0,0.3475957416600535
mp-558128,K4 Nd8 Nb4 O24,KNd2NbO6,False,"[2, 4, 2]",662.0,40.0,0.32942818986788486,1057.0,"[2, 2, 3]",965.0,58.0,0.2696083078778414,1651.0,"[2, 2, 2]",662.0,40.0,0.30330934636257156,1057.0,400.0,520.0,"[2, 2, 2]",662.0,40.0,0.30330934636257156,,,,,520.0,False,,,520.0,False,"[2, 3, 2]",504.0,31.0,0.35139006919241056
mp-2741,F8 Ca4,CaF2,False,"[4, 4, 4]",768.0,41.0,0.2901791928863562,1200.0,"[2, 2, 2]",768.0,41.0,0.2901791928863562,1876.0,"[2, 2, 2]",768.0,41.0,0.2901791928863562,1200.0,400.0,520.0,"[2, 2, 2]",768.0,41.0,0.2901791928863562,"[4, 4, 4]",768.0,41.0,0.2901791928863562,520.0,False,520.0,False,520.0,False,"[4, 4, 4]",768.0,41.0,0.2901791928863562
mp-2998,O3 Ti1 Ba1,BaTiO3,False,"[6, 6, 6]",1080.0,55.0,0.26270003253117985,1253.0,"[2, 2, 2]",1080.0,55.0,0.2627000325311798,1957.0,"[2, 2, 2]",1080.0,55.0,0.2627000325311798,1253.0,400.0,520.0,"[2, 2, 2]",1080.0,55.0,0.2627000325311798,"[5, 5, 5]",625.0,32.0,0.3152400390374158,520.0,False,520.0,False,520.0,False,"[5, 5, 5]",625.0,32.0,0.3152400390374158
mp-541097,Pb8 Zr24 O32 F48,Zr3Pb(O2F3)2,False,"[2, 2, 2]",896.0,42.0,0.2881863921281539,1372.0,"[2, 2, 2]",896.0,42.0,0.2881863921281539,2144.0,"[2, 2, 2]",896.0,42.0,0.2881863921281539,1372.0,400.0,520.0,"[2, 2, 2]",896.0,42.0,0.2881863921281539,,,,,520.0,False,,,520.0,False,"[2, 2, 2]",896.0,42.0,0.2881863921281539
mp-7380,F14 Si2 Rb4 Cs2,CsRb2SiF7,False,"[3, 3, 4]",792.0,55.0,0.2681529006306539,919.0,"[3, 3, 2]",792.0,55.0,0.2717811942744157,1436.0,"[3, 3, 2]",792.0,55.0,0.2717811942744157,919.0,400.0,520.0,"[2, 2, 2]",370.0,26.0,0.349432964067106,"[2, 2, 3]",265.0,18.0,0.3900405827354965,520.0,False,520.0,False,520.0,False,"[2, 2, 3]",265.0,18.0,0.3900405827354965
mp-3472,O16 S4 Pb4,PbSO4,False,"[2, 4, 3]",586.0,31.0,0.3391591395001766,1210.0,"[3, 2, 2]",1171.0,62.0,0.2640750094409903,1891.0,"[2, 2, 1]",403.0,21.0,0.3961125141614854,1210.0,400.0,520.0,"[2, 2, 1]",403.0,21.0,0.3961125141614854,"[2, 4, 3]",586.0,31.0,0.3391591395001766,520.0,False,520.0,False,520.0,False,"[2, 4, 3]",586.0,31.0,0.3391591395001766
mp-28109,O12 As4 Sb4,SbAsO3,False,"[6, 2, 4]",960.0,60.0,0.3451881973402777,1022.0,"[2, 2, 2]",960.0,60.0,0.2747456419715504,1597.0,"[2, 2, 2]",960.0,60.0,0.2747456419715504,1022.0,400.0,520.0,"[2, 2, 2]",960.0,60.0,0.2747456419715504,"[6, 2, 4]",960.0,60.0,0.3451881973402777,520.0,False,520.0,False,520.0,False,"[5, 1, 4]",458.0,29.0,0.546024966701894
mp-626143,Mg2 H4 O4,Mg(HO)2,False,"[4, 7, 5]",1401.0,44.0,0.2983173416244332,2031.0,"[2, 3, 3]",2203.0,69.0,0.25040227729613096,3174.0,"[2, 2, 2]",969.0,31.0,0.3219457850950255,2031.0,403.0,525.0,"[2, 2, 2]",969.0,31.0,0.3219457850950255,"[4, 6, 4]",969.0,31.0,0.33545725162586865,525.0,False,525.0,False,525.0,False,"[4, 6, 4]",969.0,31.0,0.33545725162586865
mp-555561,Ba4 U4 Si8 O32,BaU(SiO4)2,False,"[4, 1, 3]",596.0,36.0,0.4065977794149458,1065.0,"[2, 1, 3]",596.0,36.0,0.3578249636586095,1665.0,"[2, 1, 3]",596.0,36.0,0.3578249636586095,1065.0,400.0,520.0,"[2, 1, 3]",596.0,36.0,0.3578249636586095,,,,,520.0,False,,,520.0,False,"[3, 1, 3]",447.0,27.0,0.42799766254204813
mp-753731,Ba4 Ca2 I12,Ba2CaI6,False,"[3, 3, 1]",172.0,35.0,0.37837536838971964,317.0,"[1, 1, 1]",168.0,34.0,0.34053783155074774,496.0,"[1, 1, 1]",168.0,34.0,0.34053783155074774,317.0,187.0,243.0,"[1, 1, 1]",168.0,34.0,0.34053783155074774,"[3, 3, 1]",172.0,35.0,0.37837536838971964,243.0,False,243.0,False,243.0,False,"[3, 3, 1]",172.0,35.0,0.37837536838971964
mp-555077,Sn8 I4 F12,Sn2IF3,False,"[5, 1, 2]",253.0,22.0,0.49673755026369026,726.0,"[2, 2, 1]",603.0,53.0,0.2890376229080214,1135.0,"[1, 1, 1]",149.0,13.0,0.433556434362032,726.0,400.0,520.0,"[2, 1, 1]",319.0,28.0,0.36129702863502666,"[5, 1, 2]",253.0,22.0,0.49673755026369026,520.0,False,520.0,False,520.0,False,"[5, 1, 2]",253.0,22.0,0.49673755026369026
